review,aspect,aspect_encoded
Ibiza filming location looks very enchanting,Cinematography,0
"RANDOLPH SCOTT always played men you could look up to for their sense of honor, courage, level-headedness and willingness to do the right thing.', 'ROBERT RYAN co-stars in this film, playing a good guy for a change.",Characters,1
"interesting and promising basic idea', 'some plot holes', 'they offer to us a lesson about morality', ""the 'detective scenes' show us the luck of creativity""",Story,2
"the film could explore very powerful politics,the odd couple drive thru the former Yugoslavia, thru Turkey and then thru the Middle East to get to Mecca,the relationship between the two is key to this film, and faith, politics are the backdrop",Story,2
"The animation is nice, and the use of color makes it more open to do the smooth transitions and other surreal imagery.",Cinematography,0
excellent script,Story,2
"""the animation is by Studio 4°C who work on quite a few of the Animatrix and it's evocative and visually stimulating, rendering different scenes like imagery montages, CCTV footage and particular scenes of import distinctive and overall presenting the story perfectly""",Cinematography,0
"The film did what it set out to do: show how a young girl copes with poverty and grows into her maturity.', 'However, for most of us, this subject has been explored adequately and in most instances with more sophistication than done here.",Story,2
"""enjoyed the Red Sox fans that were part of Ben's baseball family"", 'Ben is meeting with his buddies on draft day",Characters,1
"Timon and Pumbaa', 'they have a very fair compromise",Characters,1
"puts the viewer through a clip of time where they experience a world without language', ""you don't really watch this movie as much as you witness an awful series of events ],""",Story,2
the shots are very well-composed and visually stylish,Cinematography,0
"unattached, almost documentary camera",Cinematography,0
"""It's a 'screwy' comedy I have enjoyed many times over the years."", ""Robert Montgomery's mission places him in some very improbable situations.""",Story,2
"Widdoes is a very mannered Beatrice giving a particularly poor performance.', 'Waterston, a fine actor, is not much better as Benedict.', 'The poorest performance is in the role of Don John - it makes Keanu Reeves look good.', 'successful set-ups include the scene where they fool Benedict into believing Beatrice loves him - were the acting competent it would be superb. ],",Characters,1
"The scripts are fantastic, with each episode offering so much entertainment, drama, humour and sheer watchability.', ""The episode that really does it for me is 'I, ET' which turns the alien concept around.""",Story,2
"There, he meets the other boys of the camp (Zero, Magnet, Armpit, Squid, x-Ray, and ZigZag).', ""All of them are digging, not to 'build charactor', but to find outlaw Kate Barlow's treasure.""",Characters,1
"""the film really doesn't managed to satirize anything about the 1950s."", 'The dialogue, sets and behavior of the key characters are nondescript rather than dead-on stereotypes of the 1950s Hollywood.', 'Motivations, too, seem haphazard.', 'Plot holes in this ragtag film also abound.",Story,2
"A lot of stock footage', ""giant robot octopus that actually didn't look that bad""",Cinematography,0
less than mediocre photography,Cinematography,0
"Cobb is portrayed as a constant liar in the film, so which one of his stories is supposed to be accurate? ],",Characters,1
"I thought that it will be a good film after 8mm.', 'There were nothing interesting in it.', 'Everything might be known forward.",Story,2
"""Holliday does yet one more variation on the dumb blonde who's maybe not so dumb after all"", ""Even Jack Lemmon, in what I believe was his first film role, can't muster up enough energy to enliven this recycled comedy""",Characters,1
"“this film would be a shining example of that lesson!”, “this cinematic swill demonstrates what happens when cerebrally challenged filmmakers are given a ‘budget’”],",Cinematography,0
"""the movie was a little 'too polished' and 'Hollywood-esque'"", 'the original version just seemed a lot grittier and seedier--and this added to the scary ambiance",Cinematography,0
"""Nick Nolte who seems to be getting better roles as he gets older, still has that 'everyman' persona that allows him to take on a wide range of different characters."", 'Sheryl Lee is beautiful and great as always.",Characters,1
"heavy stylized to a fault', 'Too many warping effects', 'unnecessary zooms', 'a plethora of other cheap effects",Cinematography,0
"""It takes a considerable effort for four screenwriters to produce a movie (the word 'comedy' infers a work with mirth aforethought) as witless, anaemic and boring as this.""",Story,2
"Pierce Brosnan plays the gentle Patrick.', 'He romances a woman, who has a bog-standard mop-top mid-90s kid called Eric.', ""The husband's entry and assault on Pierce.""",Characters,1
impressive shots of the titular aircraft in its former glory,Cinematography,0
"far more interesting, quirky, original, and intelligent",Story,2
"The movie does not only have a great story, it also is a good looking one.', ""The movie uses some early and effective effects and uses some different color filters to create the right mood and to indicate what it past, present and 'future'.""",Cinematography,0
"The film attempts to tell the story of a dark future, one in which Hawk (a Mad Max type of character) heads off to rescue a damsel in distress.', 'In reality, the plot is a thinly disguised excuse for the producers to promote their own philosophies on life",Story,2
"""It's not even laughably bad, just plain bad."", 'The actors do their best with what is the cheesiest script ever.', 'How scary can a movie be when the climax actually involves a roomful of millions of styrofoam peanuts?",Story,2
great acting,Characters,1
"the power of his camera', ""with that elongated one shot using the child's mask""",Cinematography,0
"""The orcs, for example, I found to be really amazing in they're surreal surroundings."", 'the backgrounds, while also very rough and sometimes too sketchy, are beautiful with the mixtures and blasts of colors together.",Cinematography,0
It was shot to look cheap (or was it just cheap?),Cinematography,0
"""Here's a decidedly average Italian post apocalyptic take on the hunting/killing humans for sport theme"", 'the film reviewed here is nowhere near as much fun as the other listed entries', 'dragged down by poor voice over work', 'prolonged rape sequence and some truly stupid and illogical points throughout', 'the villains response? (bearing in mind that our hero has come to brutally murder them all) \x96 They resolve to wait until the next morning to look for the culprit",Story,2
"""I just can't understand the Minnie Driver character - or at least how she played it."", 'She was completely unbelievable.', 'I cannot believe she would have liked her performance in this movie either.",Characters,1
"This thing here just wears the same name.', 'Just a waste of time thinks",Story,2
"First, the only redeeming value of the entire film was Billy Zane', ""Zane's performance falters about 2/ 3rds of the way through"", ""Sean Carrigan, the 'man of the hour' of 'The Next Action Star' shows all of the strengths and weaknesses the casting directors mention"", 'we never quite seem to care about whether he lives or dies', 'Carrigan fails to provide a reason for the audience to even like him', 'But Carrigan is a dream compared to the wooden, rigid Corinne Van Ryck de Groot', ""Her character 'performance' can be compared only to the dramatic depths of 'Freddy Got Fingered'""",Characters,1
Like the fatuous academics that populate the movie,Characters,1
"True story', 'The whole show, that, with the publicity and the commercials and all the discussions, built up for months to a fantastic climax, was a publicity stunt to focus attention on the problem of major shortages in organ donors', 'ridiculous ending where this woman pulled it off and has conscience issues because some guy shot himself on air",Story,2
"to use an interweaving of speeches/poems as a way to argue against the Bush doctrine', 'the rise of corporation power, so what?', ""this movie gets a failing score in its persuasive power; it's clearly intended for those who've already formed their opinions""",Story,2
"""children's like an adults?"", 'they like money gold cars... and they are positives?', 'they have lucky... and emotions of course",Characters,1
"The graphics are so horrible than they looked like something out of the early to mid-90s low resolution games ],",Cinematography,0
"chronicles his attempt to make a pair of movies over many many years', 'the touching but potentially exploitative relationship between the two men lies at the heart of the film', ""If this film was fiction, you'd dismiss it as unbelievable; but as it is, it's one of the funniest documentaries you're likely to see""",Story,2
"Typical story of an evil kid going after people.', 'I just think that slashers have lost their touch.",Story,2
"""I'm glad Cher won an Oscar for that movie."", 'Nicholas Cage and Danny Aiello are great, too.",Characters,1
"Rather than ambiguous, it was complex and multi-layered in its meanings.', 'One can see it as anti-war, because of the opening and closing scenes.', 'the folly of pretended grandeur, as how wonderful the cavalry men looked as they prepared for the great charge at Eylau, contrasted with its so horrible and disturbing conclusion.', 'chiefly, I see the film as about a moral man in an immoral society.', 'At the end Chabert chooses retreat from the corrupt post-Napoleonic French world and opts for the simple pleasures provided by Derville.', 'In her case, we can see the film as also feminist, in the position of women at that time.",Story,2
"The cinematography of Makoto Watanbe is important here, vivid and detailed, a richly evocative affair.', 'there is also great use of lighting and fog to give an ethereal atmosphere",Cinematography,0
"The girl of the forest is a wonderful addition and in my opinion makes the picture what it is, as she glides from branch to branch. Appearing and disappearing like a mysterious nymph with qualities resembling the legendary Cheshire Cat from Alice and Wonderland.",Characters,1
"The plot has been well-discussed, so no need in going over it again.', 'This movie deserves repeated viewings.', ""Americans, especially, aren't going to get all the jokes the first time around.""",Story,2
"Although i was over mainly for the racing, the lure of seeing Phil Daniels in a motorcycle movie proved enough to get me away from the beer and partying.', 'this is up there with the best of British comedy.', 'This is a film not just for us Bikers, but I think for everyone.",Story,2
"""I suppose I'm at fault really because I expected something like 'Roman Holiday'"", 'Greta Scacchi broke into laughter even though they were supposed to be having a serious conversation', 'Silver looked literally lost for words', 'Faye Dunaway seemed more interested in promoting her son, Liam",Characters,1
The photography (even in a good print) is so murky it is occasionally hard to see what is happening.,Cinematography,0
"there is a lot of spectacular music done in spectacular fashion', 'What ensues in some spectacular scenery and mesmerizing scenes",Cinematography,0
"""Andie's acting is so bad in this film - I could not connect with them or feel their love for each other"", 'the other 2 women however were very good and overshadowed Andie', ""Andie's acting didn't help the film"", 'she is all gums",Characters,1
Predictable poor plot,Story,2
"""Clearly they were not from the same country, so I couldn't grasp why they were traveling together."", 'Yes, people in costumes. There was the fire-breather again.', 'Still loved the ending with the two cops.",Characters,1
"It is a movie about a time that no longer exists.', 'This film shows all of that and more.', 'It shows love and trust and caring and the goodness of people.",Story,2
"nothing revolutionary here', ""the 'message' of GARDE A VUE...is a condemnation of police methodology"", 'the film ends at the very moment it appears he will be forced to confront his failure for the first time",Story,2
"The televised movie takes us on a journey that seldom gets as good as it is, with some of the best character development, story and action/visual effects ever seen in such a short amount of time.",Story,2
beautifully filmed by famed cinematographer Toland,Cinematography,0
"The only thing about this movie that remotely resembles the book are the names of some of the characters (Willie, Missie, Henry, Clark, Scottie and Cookie).', 'The names/ages/genders of the children are wrong.', 'The actors are not convincing - they lack emotions.",Characters,1
Chavez represents the weak and misfortunate in the same way Bush is the face of dirty corporations.,Characters,1
"The aunt and cousin of former first lady Jacqueline Bouvier Kennedy Onassis live in this decaying 28 room house out on Long Island.', 'Big Edie and Little Edie.', 'Big Edie (the mother, age 79) apparently likes to run around naked.', ""If I close my eyes and listen to Big Edie's voice it reminds me very much of my own late aunt.""",Characters,1
"""captured perfectly through Riedelsheimer's lens""",Cinematography,0
"the filmmakers seem to be under the impression that whenever they cant be bothered to choreograph a fight scene they just move the camera up close, move fast and turn the music up",Cinematography,0
"""it's hard to know if they have talent or not""",Characters,1
"The photography of course is superb, black and white as black and white should be, wonderful shots', 'Many many Fordian shots of faces, groups, children, women, small things happening, foals in the background",Cinematography,0
Filmed on a budget of what looks to be about 20 bucks,Cinematography,0
"The editing, photography/camera focus and just about everything about this movie was SAD.",Cinematography,0
"Yankovic is not for all tastes', 'Die-hard fans will love it not only for its content",Characters,1
"The much-lauded heist scene is a nail biter, filmed in virtual silence.",Cinematography,0
"I loved the characters.', 'Xica has been by far, the best soap I have ever seen.",Characters,1
the actors are really great,Characters,1
"The characters do not raise much sympathy, a few non-important characters aside.",Characters,1
"interesting and suspicious characters', 'As the star detective, William Powell is alternately starchy and inspired', 'Mary Astor is very lovely here",Characters,1
"Strong story', 'This is a good balance of telling you an interesting story, without drawing it out too long or leaving you unsatisfied', 'You wonder what will happen next, while at the same time, feeling you saw something happen",Story,2
"Many superb character actors are wasted as they are either not given enough to do - Sterling Hayden or Eli Wallach, for instance, or they are asked to go rather luridly over the top - John Huston', 'Jeff Bridges and Anthony Perkins do manage to acquit themselves very well, in their very different ways",Characters,1
"""the two-strip Technicolor 'Chinese Fantasy,' which has been restored for this version. It is truly beautiful""",Cinematography,0
the acting could have been a lot better,Characters,1
"Maybe it was that all the villains in this movie were shouting as if the shouting in itself is suppose to be funny.', 'Zorro the Gay Blade lacks the savvy of Austin Powers, The Big Lebowski or Kingpin.",Characters,1
"the actors are unconvincing', 'the characters are messed up",Characters,1
"horrible acting', 'even worse camera work",Cinematography,0
"Most of the acting is bad', 'the character of Paloma, who symbolizes the dreams of freedom of a child, uses it thoroughly', 'the character played by Eduardo Palomo is the sorriest, and most punished, representation of a transexual I have ever seen",Characters,1
"Thoughtful, stressed out George, his psychoanalyst wife Kim and their young son Miles are heading out to the snowy countryside for a long weekend vacation', 'We can never really be sure if the Wendigo even exists', 'This is more a psychological drama than a horror film",Story,2
"A great cast of actors, dancers and singers.",Characters,1
"I could then go to the first year drama group and they would act it out better than the jokers in this film.', ""This sounds really mean, but I'm certain that they made this as a joke and are entirely aware that they possess neither the skills to act or to write anything, ever.""",Story,2
"Love this little film', 'Loved all the other characters in it, especially the ones played by Patrick Stewart and Leslie Caron",Characters,1
"""Charles Lawton, Jr.'s cinematography"", 'the unforgettable set pieces', 'the stunning, blonde-tressed Rita Hayworth singing",Cinematography,0
"the story, the acting, the dialogues and the direction all are dreadful', 'Wild Style has not much of a story but the music there is great and authentic",Story,2
"four teenage workers in China', 'the owner of the factory in China is amazingly open",Characters,1
fantastic location filming,Cinematography,0
"We all know how brutal children can be', 'I know from my own and my brothers experiences as children and this movie hit the nail on the head",Characters,1
"It is filled w/plot holes and makes no sense.', 'We not only discovered one of the worst movies out there, but also that it is a cult classic!",Story,2
"I would like to commend on the great writing and also, superb performances from the actors.', ""I just love how complex every one of these characters - they're not straight out two-dimensional cardboard cutout good guys/bad guys."", 'Michael Ealy gives a wonderful and believable performance as the Muslim FBI agent Darwyn Al-Sayeed, treading the fine line between being the good Muslim and being a man with flaws.', ""Oded Fehr gives his character Farik an interesting depth - Farik is not the typical oily Middle Eastern stereotype, but simply someone who truly believes in his cause and doesn't see himself as a fanatic but a man willing to do whatever extreme measures to justify his beliefs."", ""He's very charismatic and authoritative."", ""I would say that it was Alex Nesic's performance that clearly left an impression in me in 'Scholar'."", ""His portrayal of his character's emotional struggle was amazing - torn between the softly spoken words of a Muslim scholar encouraging him to return to the non-aggressive way because it is the only acceptable way in God's eye and Farik's persuasion to believe otherwise.""",Characters,1
"Bardem is superb', 'Sampedro (played superbly by Bardem)', 'Enter beautiful yet also afflicted with a crippling disease attorney Julia (the ethereal Rueda)', ""Julia begins to investigate her charge's past"", 'Ramon envisions himself magically leaving his bed', ""That's just one of the cruelties that rings true""",Characters,1
"Black Scorpion is a fun flick about a groovy female super heroine who wears leather tights and drives a car that can morph into her snazzy armored Scorpion Mobile.', 'She battles the evil Breathtaker and all of this is an excellent recipe for a good time IMHO.', 'Breathtaker is so evil he wants to give the entire city asthma!', ""It's all so over the top and that's the beauty of it!""",Story,2
"the movie had an overabundance of lingering shots that made no sense', 'horrible angles', 'terrible lighting', ""the editing didn't help this mess at all""",Cinematography,0
"the perfectly lighted black and white scenes', 'you will feel like you are watching some lost espionage noir classic",Cinematography,0
"took the novel THAT COLD DAY IN THE PARK', 'Sandy Dennis character was originally a male in the book', ""avoiding the homo erotic taboos of gay life in the 60's""",Story,2
"""this film must have been made around her Charlie's Angels run in 1979 or 1980"", ""we assumed this film must have been made around her Charlie's Angels run in 1979 or 1980""",Story,2
"A liberal, though good-hearted Harvard law professor Paul Armstrong is convoked to the Florida Everglades by unjustly convicted black guy Bobby Earl.', 'As he digs further and further into the mysterious case he realizes that Bobby Earl is a victim of discrimination.', 'When the infamous, psychotic serial killer Blair Sullivan is introduced.', 'It turns out that Bobby Earl is a psychopathic murderer and he really did rape and kill Joanie Shriver.', ""Upon Armstrong's beautiful wife and daughter."", 'A good thriller that works. Delivers both mystery and subterfuge.",Story,2
I guess it all lies in the camera movement and editing,Cinematography,0
I loved the gorgeous Greek scenery,Cinematography,0
excellent cinematography,Cinematography,0
"The box they had in the video store had a cool looking monster on the cover but in reality the monster was a creature from the black lagoon mask.', ""Awful, awful, awful...you actually might have to rent it it's so bad."", 'It feels like you are watching a bizzare-o home movie.",Story,2
"""It is an interesting 'little' story"", ""The movie doesn't waste time getting moving"", 'the ending could have been more involved",Story,2
"very good cinematography', ""50's Cinemascope cinematography fans""",Cinematography,0
"""the photography isn't very good""",Cinematography,0
"This is an exquisite film about the search for some bliss in everyday life', 'It is a film about middle age and the choices people make', 'It is deep and thoughtful without beating the viewer up with heavy handedness",Story,2
"the story was too unusual', 'the story is not convincing', 'it is hard to believe that a whole town will allow Sinatra to do anything he wants just because they are afraid of his brother",Story,2
Classic? No. Bad parts? Yes. Entertaining? Big yes.,Story,2
"Robby Benson plays an eager-beaver young police officer', 'cynical oldtimer played by Richard Widmark', ""the youngster's spunky attitude will rub off on the cynic and change him for the better.""",Characters,1
"""the quality of the images it's not the best""",Cinematography,0
"This movie is beautifully looking with impressive sets, costumes and make-up.', ""It's real eye candy to watch all."", ""The movie has some perfectly 'dreamy' sequences that are certainly odd but also very beautiful and imaginative to look at.""",Cinematography,0
the cinematography was not excellent,Cinematography,0
"""some of the characters' actions seemed very, very RANDOM""",Characters,1
"the flashbacks are filmed in a way that portrays them as being somewhat whimsical', 'filmed in black and white with rapid editing to portray the cruel nature of the past events",Cinematography,0
"“some parts were very good, though, like the bit about a woman defying race officials”],",Characters,1
"""Chop Shop is not a work of social criticism but, like Hector Babenco's Pixote, a poignant character study in which a young boy's survival is bought at the price of his innocence."", 'Ale and Isi use any means necessary to keep their heads above water while their love for each other remains constant and they still laugh and act out the childhood that was never theirs.",Story,2
It is filmed with the same quality as a digital home video.,Cinematography,0
"the filmography and acting I am afraid is not the standards I would expect', 'the lighting at times was dark and this added to the feeling of watching a low budget movie",Cinematography,0
The whole exercise is pointless. Why make the film at all?,Story,2
"it IS a tad predictable', 'I would have hoped she could have come up with a story long before the prom', 'a bit contrived",Story,2
the cinematography was nice in places,Cinematography,0
Golden hued palace scenes and dusty yellow panoramas of Chinese landscapes,Cinematography,0
some items are a little disjointed,Story,2
"“a sincere, and sufficiently objective, glance into the destructive and volatile nature of the creative process and the people that try to wrangle those forces.”],",Characters,1
"true to form take on the Dick Tracy persona', 'imagery filled comic era story",Story,2
"characters are one-dimensional, even the good guys and especially the bad guys', ""most of the movie's Northern California characters are blown-dried Hollywood cheese-balls, looking like they've never actually been in a fight""",Characters,1
"skeeziest fakest plastic palm trees in film history', 'in the sands of a wintry Canadian beach",Cinematography,0
"The plot is basically non existent.', 'I advise you that a nickel would be worth more than watching this movie.",Story,2
"This movie is a drama that follows a kid trying to cope with the death of his mother and fears losing baby Gamera to a fight after knowing his father saw the adult Gamera die.', 'This was to be a new trilogy and poor ticket sales killed any hope for this story to continue.",Story,2
"""This is definitely one of the weirder 70's movies out there"", ""it's most notable for kicking off a decade of Bigfoot hysteria"", 'the dark, moody first half is replaced by a MUSICAL INTERLUDE', ""it's still a fun scary movie to show to kids""",Story,2
"""The film follows three friends' misadventures into the world of first-time sex and true love."", 'We follow hopeless romantic Gary on his quest to win over the girl of his dreams which leads him down an uncertain road with a surprise twist at its ending.",Story,2
"lestat is pictured perfectly in it', 'the way he speaks...and the way he looks at mere mortals...his arrogance..and sheer love for fame is pictured flawlessly', 'u will find yourself smiling...at the wit of the characters', 'u will find yourself sympathizing with the vampires",Characters,1
"All shot in a gray cold color.', ""Here we don't see fancy or good imagery, it looks as if shot with your home camera.""",Cinematography,0
"the cast is excellent', ""this is Bette Davis's first great role and one of Leslie Howard's best performances"", ""Howard's Carey is naive and vulnerable"", 'Mildred is unrestrainedly wicked, a user of the worst kind",Characters,1
"""very bad adaption of one of King's best short stories"", 'in the original story King managed to create tension and draw personality of his characters', 'all that is left is a repetitive bore which is far too predictable to be all that suspenseful', 'the effective ending used in the story is in favor dumped for a happy ending which makes the overall impact mute",Story,2
"""the camera's eye was shocking, but experimental"", 'famous lighting, blocking and angles we know', 'the manipulation of Black Irish ... was neither: a force of human conspiracy ... nor of nature",Cinematography,0
"This movie could have been so much better with a script rewrite.', ""Not that I expect a great deal of plausibility in movies, but you'd think that even the homeless and urban-dwelling Jack Mason would question why a group of experienced hunters would want to hire him as a hunting guide."", 'And how does Jack Mason find Thomas Burns back in Seattle?', ""I'm assuming this movie was based on Richard Connell's short story 'The Most Dangerous Game.'""",Story,2
"""the film isn't bad, actually it's better then your usual straight to video I would say."", 'Very slick stuff.', 'some inventive and prominent camera angles",Cinematography,0
"the film has a stellar cast that include Matt Dillon, Jean Reno and Lawrence Fishburne.', 'Its a first rate cast that sells and covers over the stories short comings.",Characters,1
"Amanda B. did a great job as the main role', 'Channing Tatum looks too good to be true as her opposite as the gorgeous Duke",Characters,1
The cinematography is not bad but it looks like it was cut with a machete.,Cinematography,0
"This is a very good story for anyone, young or old, who has ever been in love, or ever wanted to be",Story,2
"""The antagonist characters in the story start out as genuine, real human beings and then slowly progress into 'stereotypical, objectifiable forces of evil' by the very end""",Characters,1
"""The synopsis didn't really tell you much."", 'In parts it was silly, touching and in others some parts were down right hysterical.', ""If you like any of the actors give it a watch but don't look for anything too dramatic it's good fun.""",Story,2
"The story compelling', 'I really wish the ending had been handled differently', 'some sort of an epilogue would have been nice",Story,2
this movie is perhaps more like a love story,Story,2
"""Jack Nicholson's performance is also one of his very best, scaring the hell out of me and making me sure to get out once in awhile.""",Characters,1
wonderful cinematography,Cinematography,0
"the acting and the not-so special effects were nowhere near the standard', 'what is with the men dressed up as women, could they not find any women",Characters,1
"""Zeenat Aman as Dev's sister made a tremendous impact."", 'Dev grows up to be a pilot and he learns that Jasbir is in Kathmandu with certain hippies.', 'Janice who in reality is Jasbir with a new name and new identity.",Characters,1
"""you just can't find any meaning"", ""the two awful scenes where directly connected to war and it's horrors""",Story,2
"Duke, of course plays the hero', 'He had not yet developed his on screen character', ""Also cast in the film were George (pre-Gabby) Hayes as the heroine's father, Cecilia Parker as the heroine and Yakima Canutt as 'one of the boys'""",Characters,1
"The camera frequently goes out of focus', 'the constant panning in some of the over long scenes is annoying",Cinematography,0
"the worst failure is in story', 'There is precious little beyond a short', 'we saw variations of the same scene over and over again",Story,2
"the only intention of this movie seems to be showing love in many different ways', 'each story has only a few minutes, so there is no development of characters and nearly no plot', 'just a sketchy idea of a plot', 'the writer tried to build in turning points that aimed to surprise the viewer', ""that just didn't work out because you didn't get to know the characters in before""",Story,2
"This film could have been a decent re-make', ""What worked in this film in the 1930s doesn't translate to the 2000s""",Story,2
As for the other characters. There is this guy who talks with his mind instead of his voice and this blue alien. The alien guy talks with a deep voice.,Characters,1
"""It's very splashy, with a lot of hey-ma-look-at-this camera work that calls attention to itself, instead of serving to advance the story.""",Cinematography,0
"its cinematography is genius', 'black and white cinematography, suggests us an even more depressed view of the world after the holocaust",Cinematography,0
"the two main characters disability, this was represented in a great performance by both two Michael and Rory', 'theses two certainly made great use as their gifted talent to portray a masterpiece piece of drama",Characters,1
"I was amused, however, by the opening shots of horses having sex in a public square. ],",Cinematography,0
"The film is a blend of pure atmospherics and visceral horror.', ""Bringing in Rob Bottin of The Howling fame, he lays to bear some of the most astonishing transformation effects you'll ever see in a horror film.""",Cinematography,0
"""The script does not contain a single funny line which is rather in the way when you're trying to entertain your audience with humour."", 'the constant continuity errors and bumbling along of the story - if you can find one.",Story,2
"The only character I found still very amusing was the Queen', 'The Queen, she was very funny in this movie and had the best part', 'the voice changes, they were noticeable and also bothered me quite a bit",Characters,1
"chock-full of all the various high-school stereotypes', 'Emily Bergl is as frightening as a cabbage patch doll', ""Jack London... let's just say i didn't pay to see wood act"", 'even the actors look like they were forced into doing this movie",Characters,1
"The two romantic leads, Steve McQueen and Aneta Corsaut, bring surprising depth and sentimentality to the proceedings.', ""Steve McQueen's drag-racing rival almost appears to be an enemy early on in the proceedings, but quickly joins in McQueen's campaign to save the town.""",Characters,1
"the somewhat dim black and white filming only enhances this', 'lingering shots, something most modern day directors do not have the patience for",Cinematography,0
some pretty decent visual effects,Cinematography,0
"Rachel McAdams is wonderful as always.', 'Cillian Murphy is creepier than he was in Batman Begins.', 'Cillian Murphy is really good at being bad.",Characters,1
"the central character, Danny', 'unappealing young man', 'the highly vulnerable and defenceless young woman', 'the doctor entirely careless of any notion of professional ethics",Characters,1
"About the effect of racism on an already fraught relationship between two black men and their sister, two of whom pass for white', 'Plot was minimal, mood and emotional apparent truth were everything",Story,2
"The littlest kids in the short are among the cutest to have ever been on film', ""I honestly can't think of a cuter kid than Spanky at about age four"", 'placing the little tiny boy in charge of babysitting the even younger kids was not only funny, but once again high on the cute factor",Characters,1
"""the movie isn't the Rose!"", 'it was really excellent for its limited budget', ""the portrayal of the Britain of the early 80's, exploding with rebellious youth, looking for a way out of the dole queue""",Story,2
"impressive pictures being filmed under water, in the air or the Arctic",Cinematography,0
"deeper characterisation', ""such as Brian Epstein trying to hide the fact that he has been 'queer-bashed,' only to find out that the band knew he was Gay all along."", ""My favourite scene, which does have some basis in fact, is where at an audition Stuart Sutcliffe has just bought his bass guitar but can't play it, so he stands with his back to the impresario and tries faking it, but gets caught.""",Characters,1
"both Leo Gorcey and Huntz Hall would have better moments', 'the best of which tend to come here when they ad-lib",Characters,1
"strange feeling of watching some 70s TV series, due to the filter and the musical score",Cinematography,0
"The animation is stunning.', 'Very artistic, odd and dark.",Cinematography,0
"The three unknown actors do a great job with pretty demanding roles', 'the characters act realistically in the situation and the dialogue seems natural and not forced",Characters,1
"""The clever thought-provoking way of sending violence back into the audience's face.""",Story,2
I never thought anything as mundane as the simple sale of a music box could leave me catching my breath with excitement.,Story,2
"Let me begin by expressing my admiration for a perfect portrayal by Reese Witherspoon.', 'That her performance stands out in the excellent cast is praise indeed.",Characters,1
"The characters are quirky and feel like real people', 'you may even find endearing as I did",Characters,1
The restored version I viewed used tinting to increase the spooky atmosphere.,Cinematography,0
"Each show is an adventure', 'the Doodlebops do not try to change the world with preachy messages all they do is have fun while sorting out everyday life challenges that the young child may relate to",Story,2
"my dad kept wanting to talk about himself and things in his life he feels he screwed up', 'my dad is not a reticent man, but I was surprised that he wanted to talk about mistakes he thinks he made.",Characters,1
"each characters', 'nice characters and performs', 'hoped more definitions about characters stories",Characters,1
Watching a young Combs at work is great but I wish he had had more lines.,Characters,1
"This movie has about as much entertainment value as getting a root canal.', 'It approaches the abyssmal depths of bad movie making, and then gets even worse.",Story,2
"“Jane Fonda does one Hell of a fine job”, “DeNiro is his usual superb self”],",Characters,1
"""the characters don't show any feelings toward each other""",Characters,1
considerably more real-time footage of blimps etc.,Cinematography,0
"terrible filming and MTV like style', 'slow rain drop shots",Cinematography,0
"Great acting', 'Vincent Ventresca', 'made Thomas character very attractive",Characters,1
"much of it was filmed in my home town of Regina, Saskatchewan",Cinematography,0
The film has the visuals,Cinematography,0
"that guy is older than 50 and so far he almost only played in mediocre TV series', 'he is the living proof of what a great caster Tarrantino is",Characters,1
"None],",Cinematography,0
"""the strange premise, that somehow, having survived the tornado and being apparently incapable of happiness, these people are lucky, and yet don't know quite what to do with their luck""",Story,2
"the story soon descends into a bizarre sexual fever-dream', 'I am intentionally not giving a full description of the most important parts of the plot as they simply have to be seen to be believed",Story,2
the editing in this film did a very good job of making her dancing look not only natural but beautiful,Cinematography,0
"The camera work is out of focus at times and always shaky.', 'It looks as if it was shot on video.",Cinematography,0
"A straight-forward X File that shows that action is always the equal of intelligence', ""it's a standalone X File that even non-fans could happen upon and enjoy""",Story,2
"Only Cross of Iron beats this for tension and story.', 'This is one of the best war films ever.",Story,2
"Douglas and Blondell were both very talented and attractive people who usually delivered, even when the material was not the greatest.",Characters,1
"the plot may not be entirely unique', 'the movie has enough charm to make sure you keep watching.', 'ensure the audience is behind their almost impossible quest to reach the end of the world and destroy the dragon",Story,2
I loved the way this film was shot.,Cinematography,0
"Anthony Minghella made an absolutely stunning film', 'through his camera he manages to create unbelievable emotions inside you",Cinematography,0
"excellent photography', 'Stylish visual direction",Cinematography,0
I had not followed the non-existing plot at all,Story,2
"This was not enjoyable to watch.', ""Frank puts all his dreams on the back burner and gets a normal (boring!) job just so his stepson can go to film school, but his stepson decides that he'll make a humiliating documentary about the man instead."", 'The goal seems to be to make Frank appear dumb and pathetic, instead he comes across as the most human of the 3 people featured.', 'Essentially a smear campaign all dressed up as something much smarter and edgier than it really is.",Story,2
"Fleischer and cinematographer Richard H. Kline do a great job of filling the screen with interesting images and sounds', 'The use of soft, dimly lit visuals, murkily filtered, add a Stygian feel to the New York of the film",Cinematography,0
"cast led by someone besides the totally miscast and talentless Judd Nelson', 'Bill Paxton fan but he was fun to watch",Characters,1
"Ella Raines is good in the female lead role and Thomas Gomez makes a likable policeman.', 'Alan Curtis started well as the confused, innocent man, but once he is arrested his performance took a left turn as he became thoroughly unpleasant to Kansas for no reason.', 'God knows why she stuck by him.",Characters,1
she looks like she´s making a fashion magazine cover in all the shots,Cinematography,0
The acting was terrible,Characters,1
"""judge Jean Luis' (Jean-Louis Trintignant) and Valentine Dussaut (Irene Jacob)"", 'a generational conflict between the experience of a world-weary old man and the self-conscious immaturity of a nice girl', 'a spiritless misanthropist and a spontaneous girl full of good sense of unselfishness",Characters,1
"great performances by Kurt Russell and, especially, Robin Williams', ""in a brilliant manic nerd turn that's different from any of his other work""",Characters,1
"I can only describe the camera work as frenetic meets LSD.', 'there are whole segments, minutes long, where all you can see are blurred flashes and fragments of cave wall', 'the EXACT same footage of blood on the cave floor is used twice in about 90 seconds.",Cinematography,0
"The script was dreadful enough', 'how did such a bad script get the green light?",Story,2
"the film that made her a breakout star', 'Gloria plays the wife of a rich slob that continually takes her for granted', 'a Lothario comes into their lives', 'ultimately, she divorces her hubby and marries the smooth-talking Romeo', 'while the movie could have just been an overdone melodrama, it takes some interesting twists and turns and is an imaginative and fun film', 'it is a standout and deserves to be remembered",Story,2
"there are two story lines wildly different in both tone and content', 'frothy romantic comedy and a searing tragedy', 'the decision falls in the favour of Shylock",Story,2
"""Full of TV actors/actresses of 70's/80's/90's""",Characters,1
"There needs to be a likable hero or heroine.', ""This film doesn't have one."", 'The person I most identified with was the head detective.",Characters,1
"if I feel sorry for anybody in this film its decent actor Drake Bell who is put through an immense amount of embarrassment.', 'Rick Riker (Drake Bell)', 'Lou Landers (Christopher McDonald)', 'the villainous Hourglass', 'superhero needs a nemesis",Characters,1
the leads and supporting actors are in fine form and you can only feel sympathetic for their predicament especially in the final scenes.,Characters,1
nice architectural photography in the film,Cinematography,0
"This film deserves 100% for cinematography for its opening sequence.', 'The opening shot is stunning and I have not yet figured out how they did it.', 'The movie is worth watching for that shot alone!",Cinematography,0
"Matt Damon is talented and versatile', 'was just meant to play Jason Bourne', 'fully understand the character Jason Bourne and become attached and be a part of his world",Characters,1
"The highlight of the film is obviously the lengthy ballet at the end of the film based on the title music with sets and costumes in the styles of the great French Impressionist painters.', 'the DVD is well-done with fine clear graphics (when they are supposed to be)",Cinematography,0
There is some very nice scenery,Cinematography,0
"It is not, not under any form of narcotic or brain damage.', ""Having the kid fly planes into a skyscraper would've been more appropriate.""",Story,2
"Felix', 'a guy whose shoe business is folding', ""Felix's owner"", 'Ben Turpin', 'Charlie Chaplin",Characters,1
"The voyage to the New World is shot almost in complete darkness', 'The most powerful image in the film was when the ship is leaving their homeland and setting sail for the New World', 'This shot shows an overhead view of a crowd of people who slowly seem to separate from one another', 'Once they arrived in the Americas, they had to go through rather humiliating tests",Cinematography,0
"the stunning look of this film', 'one of the most beautifully photographed and designed movies', 'veteran cameraman Conrad Hall will very likely win another Oscar for his work here', 'dramatic use of red blood splattered against pale colored walls', ""preponderance of blacks, blues and grays that dominate the movie's color scheme""",Cinematography,0
"the story of Tony Montana well thanks to the superb screenplay by Oliver Stone', 'this is a film about the darker side of the American dream', 'Tony finds himself coming to America, getting it all, living the American dream and then losing it all in violent fashion",Story,2
"""The film's design seems to be the alpha and omega of some of the major issues in this country (U.S.)."", 'But what the film adds to its value is its other relationships: male v.s. female, white v.s. black, and the individual v.s. society.', 'Higher Learning gets its name in showing college as more than going to class and getting a piece of paper.",Story,2
"""silly story line that reads from a five year old's comic book"", ""the ending left it open for further rehashing of the same effects in 'People that Time Forgot'""",Story,2
The visuals range from fairly good to plain boring.,Cinematography,0
"""Wynorski's movie centres on a group of cheerleaders who, along with their teacher, mini-bus driver and a couple of guys, become stranded in the mountains during a snowstorm."", 'They make their way on foot to a deserted mountain retreat, where they find food and shelter. And a crazy killer who wants them all dead!",Story,2
"The movie all seems to take place at night, and sweat is dripping off everyone, except in one of the rare air-conditioned apartments.",Cinematography,0
"i laughed because portia was denied', 'oh antonio. antoni. just toni. i love you', 'antoni was very greasy",Characters,1
"her loving feline pets - including Duchess and her three young kittens - are the most important residents', ""We meet such friendly characters as Amelia and Abigail Gabble {two talkative geese}, Uncle Waldo {the pair's drunken relative}, Georges Hautecourt {Madam Bonfamille's ancient but sprightly lawyer} and Napoleon and Lafayette {two dim-witted hound dogs with a hunger for the butler's rump}""",Characters,1
The sparse dreamscapes were reminiscent of Wyeth paintings and amazingly effective.,Cinematography,0
the movie is absolutely perfect in describing professional bridge players and how they go about earning a living,Story,2
"Cary Elwes brings his cheeky grinning twinkle eyed presence to this movie, and does a wonderful job.', 'Richard Lewis is hilarious as the whiny, arrogant Prince John with the ever-changing mole.', 'Roger Rees as the sleazy sheriff of Rottingham is marvellously slimy and nasty.",Characters,1
"the actors are also the business owners is a double-edged sword', 'they do a very poor job of conveying those emotions",Characters,1
"amazing long shots', 'specific for Nordic cinema",Cinematography,0
the camera work and film quality are amateur at best,Cinematography,0
"fairly creepy camera-work', 'shots of ghoulish faces are done incredibly poorly",Cinematography,0
"goofy plot elements', 'The plot is full of goofy stuff', 'these monster movies all follow a similar formula', 'this one spices things up with a bit of humor ],",Story,2
"""This is her film, but she doesn't overstep her bounds as a lead."", 'SHepherd graciously allows Robert Downey Jr. to carry much of the film', ""Masterson's natural charm pretty much coasts on its own""",Characters,1
very well done camera work (nice job Mr. Lieberman!),Cinematography,0
"there was every chance of this film being slick and witty while tackling depression head on.', 'What we get instead is poorly acted hysteria dressed up with a stereotypical try hard eighties veneer.",Story,2
"the acting, while B-class, is actually quite impressive', 'Corbin Bernsen taking the lead role and doing a good job of convincing the audience that he really is a man on the edge', 'thank Brian Yuzna for casting Ken Foree in the movie",Characters,1
excellent CGI to create the best monsters ever,Cinematography,0
I still think the directing and cinematography are excellent,Cinematography,0
"The acting is really, really good.', ""Edison Chen as the Hit-man is incredible; he proves that he isn't just any pretty face."", 'Sam Lee as the obsessed cop is also outstanding.', 'The supporting cast, in short, is excellent.",Characters,1
"The movie gets to the guts of the tension between a son and a father.', 'The core issues of parenting, communication and manhood are explored indirectly.",Story,2
"Ned aKelly is such an important story to Australians but this movie is awful.', ""It's an Australian story yet it seems like it was set in America.""",Story,2
"the only likable character is killed off and the anti-hero is blamed', 'the kindly old diner manager, and the town creep', ""the mere presence of the hero's friend somehow drags a confession out of the real killer - the leering, creepy town nut"", 'his paternal regard towards Danny is not, in fact, paternal but spousal.",Characters,1
"Vital milestones of his personal life, his sexuality, his artistic style and growth, Queen, the band remain unexplored.', 'Instead delivering a tedious montage of politely clean and vastly empty comments about an enigmatic and brilliant rock legend.",Story,2
"I was anxious to see the layers being stripped away and her psyche being slowly twisted', ""we don't know exactly what the hell she's doing half the time, what she's after, or why she's doing it"", ""Dawson does point out in the Q&A is that by the end 'revenge' scene we are pumped for retribution""",Characters,1
"Not only does it have the worst male actor ever (Sly Stallone) playing the lead role', 'Sly performing even worse than his other movies', 'he was better even in Rambo III if you watch that movie as a comedy rather than action film', ""an actor who can't act A) surprised B) sad C) anything else than his basic face""",Characters,1
"""hard to evaluate the performance of the actors that don't squeeze a single word"", 'not enough room for great camera-work",Cinematography,0
"The flashback scenes of their lives are mostly in black and white, with bits of color now and then sprinkled throughout.', 'I found it interesting that only selected items were colored in the flashback scenes, with everything else in black and white.",Cinematography,0
"realistic portrayal of a mother/daughter relationship', 'connection between Adele and Ann', 'outstanding performances of both Susan Sarandon and Natalie Portman', 'Sarandon was just the right actress to portray Adele', 'Portman was also excellent as Ann', 'sense of maturity and intelligence to the role",Characters,1
"Based on a true story of how a man ahead of his time - the great 19th century American poet and humanist Walt Whitman - made a significant contribution to how western medicine treats people with psychological problems.', ""The story of Walt's interactions with psychiatric workers, patients and townsfolk is full of drama, good humor and wisdom.""",Story,2
"a lot of special effects that seems ridiculous effects in fact ],",Cinematography,0
"This is a psychological drama about the rookie and his mentor that just happens to be about killing people.', ""I was disappointed with the action towards the end - a lot of it didn't make much sense and was unsatisfying given the buildup from the rest of the movie.""",Story,2
"no one in the movie were really trying to act rather they were just being themselves', 'the entire main cast were just playing themselves",Characters,1
"the images it conveys, both powerful and sweeping",Cinematography,0
the camera work is pretty sluggish at times,Cinematography,0
"""The cell animation, while somewhat traditional, possesses a vivid style that explosively portrays Leiji Matsumoto's great talent for character design and visual storytelling.""",Cinematography,0
"""entertaining to see some of Jan de Bont's camera work""",Cinematography,0
"The story is a real morality tale, the kind that she loved to star in.', ""The controversial topics aren't always spelled out plainly; a viewer has to pay attention and pick up on hints to catch everything that is being implied on first viewing - although everything is more or less explained in the end.""",Story,2
"City Hall takes on the politics of a city rather than country, state or any sort of major political table', 'as events unfold a mystery begins and the political aspect is kind of left in the background",Story,2
"the movie was boring', 'there was no point in the movie where i said thats interesting', 'it made it look like anything in his life he did was very easy', 'there was no struggle', 'made jail look easy, selling drugs, and even rapping', ""it wasn't realistic""",Story,2
"""It's also in widescreen which helps, it gives a feeling of a real motion picture""",Cinematography,0
"Jordan Christopher-Michael is a brilliant young actor!', 'He interprets very well his character Gus on the movie.', 'Gus loses an eye, got tattoos and go at the most weird cities acting with Flea, Drew Barrymore and Meat Loaf!",Characters,1
"the entire audience gasped', 'wonderful scene-fades', 'creative camera angles', 'Mamoulian just keeps exploring the directorial medium and coming up with innovation",Cinematography,0
"the production quality is poor', 'the set area never takes on the look or feel of uber-coldness one might expect', ""it's okay that the set area never takes on the look or feel of uber-coldness""",Cinematography,0
"This movie packs a lot of story into a very short time.', 'I found the intricately woven plot to be believable and interesting.', 'the idea so much (of a wayward married man brought to redemption through trials and tribulation)",Story,2
the scenery and special effects are incredible -- the best,Cinematography,0
"Roy Scheider and Maria Conchita Alonzo do well by their roles', 'Other performances are dismissable', 'A pretty Oriental woman in a short tight skirt who totes a gun', 'Whoever plays the surviving Secret Service agent aboard the cruise ship",Characters,1
"Horses play a role in this show due to Madonna falling off one', 'at the end a website address comes up for anyone interested in donating",Story,2
The entire film is very well shot,Cinematography,0
"The plot is very easy to understand.', 'To be straight forward they find this cave. They go in the cave. They get stuck in the cave.', ""It doesn't even try to be original."", 'it also seems only Americans can survive the terror.",Story,2
"This is one of those movies.', 'It not only attacks humans, but it eats their intestines and has a bulletproof, nearly indestructible constitution.', ""How can a hypodermic needle penetrate its skin when bullets can't?"", 'Why, when the marines figure out that armor-piercing bullets can hurt it, do they split up so the chupacabra can pick them off one by one?",Story,2
"This movie always leaves me in tears.', 'The end could not be better.', ""I'm excited for The Phantom Menace because it will suddenly throw the focus of the whole story from Luke to Anakin."", 'I love how he is revealed at the end - it would be too unresolved any other way.', ""It's very effective.""",Story,2
"the college he works at wants to pull the plug on his project', 'he tries it on himself', 'an incredibly long transformation sequence that takes nearly 3/4 of the movie', ""the ending really doesn't make any sense"", 'a lack of a good payoff",Story,2
"""It's shot in a clear and crisp black and white"", 'edited and captured in a low-key yet spry and small-scale approach",Cinematography,0
"""“the killing scenes were really well done”, “the best had to be when he shoved the cell phone down the Blonde Girl's mouth”],""",Cinematography,0
"The main idea of the movie is travel into past lives which - fortunately - is not a time travel but a journey inside man which has nothing to do with the past or the future.', ""Maybe they shouldn't be called past lives at all in the film now that I think of it."", 'I believe the idea needed a little more thought, developing and unfoldment.",Story,2
"the storyline takes a really interesting twist', 'it goes from being a cliché melodrama to something entirely different, and far more entertaining than I had initially thought ],",Story,2
"Much of the photography of the countryside was beautiful, an obvious attempt at contrast with the grimy city settings.",Cinematography,0
"""although there is some good acting on the part of most you don't get into there heads especially mecbeths."", 'the best performance came from gary sweet and the strangest mick molly.",Characters,1
"""A lot of effort has been put to make 'The Edge of Love' look the right period."", 'the tone of the colours.', 'Most of the first half of the film is processed so much to have a strong bluish tone.', 'Another detrimental point is the fancy use of image splitting lens.', 'There are many scenes that have three or four images of the same thing.",Cinematography,0
"The parents in this show are nearly as irresponsible as the children.', ""This show tells the already manipulative preteens that watch it that the 'divide and conquer' technique is the best way to get their parents to 'cave.'""",Story,2
"the story is about a small town half full with Mormons and half full with Baptists', 'sends a very pro-Mormon, and sort of anti-every other religion message",Story,2
"Scenes in car and scenes in the mountains are breathtaking.', 'it was one of the first Warner like cinemas cope features, process called Warnerscope which gave a very neat cinematography.",Cinematography,0
"I also got a big kick of the Chapter Titles appearing before the chapters, especially the ones that introduce the characters as they appear on screen.",Characters,1
"the story is inane', 'the monster has no real motive for attacking civilization', ""the plan that eventually halts Gamera's rampage is completely phony and ridiculous""",Story,2
"the introduction, where John Berlin (Andy Garcia) is driving into town', ""You see his Mercedes pass on a winding road through a forest that looks like its loaded with Redwood trees. It's quite beautiful.""",Cinematography,0
"a refreshing exploitation epic for Generation-X', 'Tromeo And Juliet is the definitive edition of a rather lackluster story', ""Like in the original, there is a confusing situation, leading to Tromeo falling for Cap's daughter"", 'young lovers feel that eloping would be the best decision",Story,2
"fine lead actor, and i always like Fairuza Balk",Characters,1
"""There are some really cool shots of Harryhausen's miniatures interacting with people and horses.""",Cinematography,0
"""The cinematography was hideous, consisting of disjointed framing and some of the oddest lighting I've witnessed.""",Cinematography,0
"the shotting style was rather bland at times', 'I think it helped make the story more realistic and keep the focus on the person",Cinematography,0
"awfully cramped and claustrophobic feature', ""it feels like everyone is hunkered close together so the camera won't have to pull too far back""",Cinematography,0
"Chief Inspector Sir John. I know the guy was meant to be comic relief, but his buffoonish character has way too much screen time. ],",Characters,1
Pauly Shore has a small role which does not allow him to be as fully obnoxious as one would expect,Characters,1
"the writing is only fair', 'I really expected something more substantial in the terms of action, or plot but I got very little', 'the finale was not big enough', 'I just thought it could have ended with a little more of a bang",Story,2
"the whole thing is nearly destroyed by the rushed, sugary ending",Story,2
"Boyer is Luis Denard, a well-known concert pianist', 'Wanda Hendrix is the drudge of a girl (Else) who works for Mrs. Melendez', 'the villains are likewise also losers - frequently with their lives",Characters,1
"clever plot twists and believable character development', 'Consider this a Sports Illustrated shoot whose character goes around killing people",Story,2
"The look and feel is a lot different from many movies ],",Cinematography,0
"There are no characters in the film, but much too many plot lines - all underdeveloped and mostly superfluous.', ""Two plot lines really showed some promise (the love story and the 'company' story), but failed""",Story,2
"""weird little story about a hood's girl who finds that her past will always be with her"", ""this attempt to bring the woman's viewpoint into the genre as a tearjerker doesn't work""",Story,2
"""I couldn't believe some of the horrible dialog coming out of people's mouths."", ""It was pretty funny watching this little 'creature' in a black reptile suit with what looks like large beetle shells attached to it, running around in the dark."", ""A snake that also comes out of the container that gets hammered to death by William Fair, after the mini creature chews into Frank McDonald's neck in the kitchen.""",Characters,1
"the idea behind the film is a very good one', 'A German plastic surgeon (Bela Lugosi) was hired by the Japanese to operate on several Japanese agents and turn them into the likenesses of upstanding American businessmen', 'he was betrayed by the Japanese and thrown into prison', 'he later escapes and travels to America to seek revenge on his patients through a series of highly-publicized murders",Story,2
"this is a murder mystery/ psychological horror/suspense movie', 'the movie also has one great twist in it', 'the film also has a strong moral to it",Story,2
The acting is stock.,Characters,1
"what appalled me the most is Richard Kelly (director of Donnie Darko) did the screenplay to this.', 'terrible story and look of it.', 'all in all this film is bad.",Story,2
"my only satisfactions in this movie were observing the very attractive Jonathon Tucker, playing Jeff McIntire, grow increasingly more frazzled and distressed', 'almost all of the cast dies a horrible, gruesome death",Characters,1
"This story is about when Lisa, Snoodle, Doodle go to the Big Rock Candy Mountains.",Story,2
"this voice without a face, this unknown and threatening voice works really well in the film",Characters,1
Why are the camera angles so bad in general?,Cinematography,0
"the start of the movie sees two women (Heather Graham and Natasha Gregson Wagner)', 'Natasha Gregson Wagner is a lovely looking actress, and she plays Louise', ""he is, basically, a mummy's boy"", 'Robert Downey Jnr is one of the many things that is wasted in the film",Characters,1
The cinematography was certainly different exposing the stage aspect of the set and story.,Cinematography,0
"the way it was filmed, with the many camera cuts",Cinematography,0
"""Though i must agree that the college years aren't as good as her high school years, but that doesn't mean they weren't still good."", 'I think the ending was awesome although it was not what i hoped, it made sense and i loved it anyways.",Story,2
"Jason Lee has huge potential', 'Julia Stiles and Selma Blair are hot",Characters,1
"Jolly old Nicholas Hammond, of The sound of music fame, is brought to the TV screen as peter parker', 'peter deals with a clone, a beautiful girl from a foreign country, and a corrupt politician', ""it's also slightly disappointing that Robert. F Simon looks nothing like J.J.Jameson"", ""Betty grant isn't Betty grant, but a hot African American girl""",Characters,1
The main characters are an annoying dinosaur klutz and Whoopi Goldberg,Characters,1
"While Wayne is another victim of the distant framing in dialogue scenes, we do at least see his strong physical presence and hear his warm but assertive vocal delivery', 'He betrays his lack of experience, but the potential is clearly there', ""Also appearing in this picture is Wayne's buddy (and later prolific character actor) Ward Bond""",Characters,1
"stock characters (given some depth in fun performances by John Cusack, Joan Cusack, Marisa Tomei and Hillary Duff)', ""Cusack's character (the hit-man with a heart) tries to change his life..."", ""the do-gooder journalist who doesn't trust him (Tomei)"", 'the young Middle Eastern starlet who wants to call off her marriage (Duff)', ""Cusack's sister, Joan, plays his assistant with an almost cartoonishly enthusiastic quality."", 'Ben Kingsley seemed to me wasted in his smaller part as a ruthless CIA boss.",Characters,1
Harry had an amazing life and one of the best and distinct voices ever recorded.,Story,2
"This movie was so badly written, directed and acted that it beggars belief.",Story,2
"the unique quality of its filming', ""the most impressive element, however, is how perfectly life aboard a man-of-war en route to Australia in the early 1800's is presented""",Cinematography,0
"Guy sees interesting woman in lobby.', 'Manages to stay there and watch her under the guise of waiting for the building supervisor.', 'Guy says nothing.', 'Woman looks frightened or at least slightly disturbed.', 'Guy wanders off to bed.",Characters,1
"minimal cast', 'Dr and Rose', 'the characters start being picked off one by one",Characters,1
"the film differs from the book only in some small ways', 'it is wonderful and inspiring to watch",Story,2
characteristic lighting,Cinematography,0
"The movie seems torn between fluff and depth', 'Against the backdrop of nice, supportive Israelis and surly homophobic Palestinians we move to a resolution that is utterly lacking in motivation or purpose",Story,2
"""“The highlights of the movie are the characters and their interactions.”, “Unlike 'Holloween' (2007) we got to meet the people and care what happened to them.”, “Ben (Joel Moore, who is also the lead of 'Spiral') the sulking lead and Marcus ('Not Another Teen Movie') as the best friend and funny man to root for during the movie.”, “Shapiro (Joel Murry 'Dharma & Greg'), Jenna (Joleigh Fioreavanti) and Misty (Mercedes McNab of 'Buffy the Vampire Slayer: The Series', 'Angel: The Series' and 'The Addams Family' movies) give a convoluted reason for topless women.”, “Mr. and Mrs. Permatteo played by television regulars (Richard Riehle 'Grounded for Life', Patrika Darbo 'Step by Step') as the older couple that you know don't stand a chance, even the tour guide Shawn (Parry Shen) is a fleshed out character.”],""",Characters,1
a bunch of one-dimensional characters,Characters,1
"Zentropa is a bit disjointed in this respect', ""But I'd have to say that The Third Man has a more well-crafted storyline"", 'it is presented as a dream/nightmare, and making it too coherent would spoil the effect",Story,2
"rubbish lighting', 'grainy visuals",Cinematography,0
boring camera work,Cinematography,0
Boringly directed by William Marsh in over-saturated hues,Cinematography,0
"the opening scene consisting solely of murky intergalactic visuals', 'more murky stuff', 'many murky close-ups of an old lady', 'the movie seemed to be in some kind of loop for a while here",Cinematography,0
"The script is excellent, the story-line non-linear but easy enough to follow.",Story,2
"Jacqueline Lovell introduces a couple of her own movie scenes', 'a Polish woman who seems to have no interest in acting",Characters,1
nicely shot,Cinematography,0
"Every performance is absolutely perfect.', 'Bill Nighy has been justly complimented for his portrayal of Ray, a man who has had one too many bad trips.', 'Stephen Rea is perfect as Tony, the lovable keyboard player who has carried a torch for Karen all these years.",Characters,1
"obviously shot on video tape', 'very poorly at that",Cinematography,0
"it is humorous how bad it is', ""i've seen porno's with a better plot""",Story,2
"Everything that is seen or heard on the screen is intentionally crafted to evoke a feeling, sensation or tone.', 'The clarity of certain visuals and the crispness of certain sounds are deliberately contrasted with blurred images.",Cinematography,0
"the actors delivered up to standard', 'only one character who was nice to the girl', 'the boyfriend and the neighbor?",Characters,1
"Tony Randall works for the IRS', 'They dote on him and treat him like one of the family', 'plans on getting him hitched to their daughter, Debbie Reynolds",Characters,1
